name,num,difficulty
surf_monolith,34,792.3247
surf_prosurf,34,791.3509
surf_dune,40,785.3560
surf_monolith,39,783.2426
surf_gigapede,34,781.3396
surf_kismet,32,779.6187
surf_medley_fix,34,779.5861
surf_centipedes,35,777.2426
surf_exonic,33,776.2652
surf_fiellu_ksf,34,774.5238
surf_kvas,34,761.5307
surf_shibboleth,34,761.2091
surf_gigapede,33,759.7215
surf_executioner,31,758.3925
surf_fornax,34,758.3906
surf_vitamin_e,38,753.0365
surf_breach,34,752.7828
surf_gigapede,35,743.6212
surf_starvald,33,741.9755
surf_abandoned,34,741.4275
surf_sinsane2,34,741.2886,<--------------------------------- tier 10
surf_firedancer,34,741.2483
surf_bugs,34,739.8804
surf_facility,34,738.6870
surf_monolith,35,738.1131
surf_despair,34,737.2628
surf_sanctuary,33,737.0585
surf_highlands,34,736.2547
surf_starvald,34,735.7125
surf_hades2,34,730.4968
surf_gigapede,36,730.3627
surf_assail,34,730.2217
surf_tormentor,40,728.4280
surf_bikini_bottom,34,727.5251
surf_cavity,31,724.8049
surf_monolith,38,723.7161
surf_autosave_fix,34,722.7606
surf_medley_fix,33,722.3457
surf_starvald,32,722.3157
surf_ruse,39,720.9012
surf_bugs,36,720.5978
surf_mdrn,34,720.5112
surf_cannonball,32,719.5683
surf_smol,34,719.3935
surf_stitched,31,719.1169
surf_nsz_fix,35,718.7735
surf_tensor2,33,717.0143
surf_anubis_ksf,34,716.5737
surf_joutsenlaulu,34,714.6332
surf_starvald,31,714.5651
surf_dune,34,714.3880
surf_radiant,34,714.2670
surf_tensor2,35,714.2608
surf_monolith,36,713.6076
surf_vitamin_e,37,712.6165
surf_jitterbug,33,712.3157
surf_centipedes,34,712.0200
surf_thesteve,32,711.2531
surf_4am,34,710.6079
surf_prosurf,35,709.4443
surf_antagonist,32,709.1989
surf_shodan,40,707.3813
surf_vantica,34,707.1619
surf_antagonist2,32,706.8832
surf_chungus_fungus,34,706.8019
surf_technical,34,704.9833
surf_goliath,34,704.7535
surf_sinsane2,31,703.0923
surf_chungus_fungus,33,702.9654
surf_tensor2,36,701.9997
surf_radiant,33,701.4702
surf_earthmover,32,700.7938
surf_sinsane_ksf,31,700.5377
surf_spacemonkeys,33,700.4882
surf_expel,35,700.3160
surf_monolith,37,700.1817
surf_hardline,32,699.7620
surf_excess,38,699.7191
surf_crucible,31,698.9541
surf_inferno,32,698.3605
surf_antagonist2,36,698.3480,<--------------------------------- tier 9
surf_dune,35,698.0624
surf_slate,34,697.8979
surf_kultur,33,697.7158
surf_hardline,31,696.6431
surf_gloomy,31,696.2933
surf_our,34,696.0871
surf_anoobis,31,694.2947
surf_monolith,40,693.4785
surf_sinsane2,33,693.3487
surf_expel,33,692.5958
surf_remeanian,39,691.9301
surf_sinsane2,32,691.4464
surf_anubis_ksf,37,691.2562
surf_tormentor,34,691.1607
surf_diet_mountain_dew,32,690.6465
surf_nesquik,36,690.5566
surf_pls,34,689.3988
surf_angelina,34,689.3857
surf_pyzire_retexture,34,687.9813
surf_hotwheels_fix,38,687.7198
surf_insects,31,686.8496
surf_hektik,31,686.4542
surf_quake,32,686.4405
surf_celestial,32,686.1316
surf_antagonist2,37,684.8137
surf_fiellu_ksf,32,684.7121
surf_prosurf,33,684.0445
surf_breach,33,683.9215
surf_era,31,683.1104
surf_loweffort,31,682.8808
surf_firedancer,35,682.7878
surf_huh,34,682.7121
surf_technical,32,682.5324
surf_tormentor,36,681.7251
surf_centipedes,32,681.6026
surf_frus_njv,32,681.0886
surf_midsommar,34,681.0361
surf_exonic,32,679.8257
surf_1024,36,679.2501
surf_enigma,31,678.6907
surf_tormentor,33,678.4724
surf_excess,34,678.0650
surf_techslop,31,677.9329
surf_nightmare,31,677.9308
surf_corruption,31,677.6839
surf_olivia,34,677.6570
surf_outra,33,677.6286
surf_revolution_fix,33,677.3373
surf_simpsons2,34,677.2137
surf_strike,31,677.1890
surf_agony,31,677.0786
surf_shibboleth,38,676.8640
surf_n_turf,33,676.6096
surf_saturday,32,676.3456
surf_queen_of_the_ween,32,675.6191
surf_fabas,34,675.4071
surf_dune,32,674.9942
surf_vacant,31,674.4419
surf_axiom,34,674.3370
surf_pls,40,674.2825
surf_cement,36,674.2445
surf_valpect,31,674.1965
surf_germania,31,674.0841
surf_shodan,38,673.7767
surf_ab,36,673.7461
surf_zen2,35,673.5346
surf_skipalot,32,673.4639
surf_tycho_fix,34,673.2952
surf_enlightened_ksf,33,673.2772
surf_n_turf,39,673.2230
surf_vitamin_e,32,672.4963
surf_hektik,34,672.4426
surf_shibboleth,37,672.3111
surf_dune,38,672.2278
surf_exonic,31,671.6862
surf_queen_of_the_ween,33,671.6762
surf_warped,32,671.3626
surf_expel,36,671.1811
surf_wicked,33,671.1263
surf_metalpipes,32,670.9233
surf_selenka2,31,670.7860
surf_anomaly,33,670.7152
surf_smol,31,670.6731
surf_happyhug,31,670.3974
surf_4am,33,670.3309
surf_shade,32,669.9883
surf_damnation,33,669.5594
surf_queen_of_the_ween,31,669.1653
surf_panta_rhei,32,669.0595
surf_affliction,34,668.8910
surf_4am,36,668.8020
surf_centipedes,33,668.5595
surf_theunexpected,31,668.0091
surf_jumble,32,667.8714
surf_infrared,35,667.6754
surf_sinner_ksf,34,667.2063
surf_sirena,33,667.1544
surf_quirky,34,666.7103
surf_666,36,666.6667
surf_rise,34,666.4546
surf_shambles,31,665.5155
surf_midsommar,32,665.5043
surf_paradigm,31,665.2668
surf_1024,33,665.2382
surf_gary_barlow,31,665.0529
surf_neoplasma_ksf,32,664.7487
surf_scarlet_ksf,31,664.6343
surf_tormentor,39,664.4760
surf_affliction,40,664.4645
surf_selenka2,32,664.3764
surf_citypop,32,664.3728
surf_metalpipes,33,664.2317
surf_zeonine,32,663.6059
surf_funhouse2,35,663.5699
surf_bikini_bottom,35,663.4712
surf_monolith,33,663.4126
surf_anoobis,39,662.8684
surf_minigolf_ksf,32,662.7051
surf_ruse,34,662.3134
surf_tensor2,31,662.2339
surf_eunoia,33,661.1705
surf_chungus_fungus,35,660.8287
surf_quake,36,660.8256
surf_rewind,34,660.5031
surf_runewords2_lod,32,660.3739
surf_fungus,34,660.2185
surf_nesquik,35,660.1291
surf_sluice2,32,660.0707
surf_jaqen2,33,660.0179
surf_kvas,33,659.9667
surf_monkeys2,34,659.5873,<--------------------------------- tier 8
surf_autosave_fix,31,659.5027
surf_board_this_fix,33,658.4578
surf_remeanian,40,658.1677
surf_perihelion,31,658.1108
surf_pls,36,657.9248
surf_shibboleth,36,657.8473
surf_embrace,35,657.5437
surf_ofrenda,32,657.3674
surf_excavation,36,657.3104
surf_polonia,31,656.9690
surf_sirius,33,656.7459
surf_dune,33,656.5091
surf_rocco_v2,32,656.0930
surf_paradigm,32,655.9355
surf_n_turf,40,655.7832
surf_spacemonkeys,32,655.7589
surf_bikini_bottom,33,655.7512
surf_firedancer,36,655.6449
surf_remeanian,38,655.4065
surf_epiphany,32,654.9628
surf_angst,31,654.6020
surf_papertown,35,654.3651
surf_technique,34,654.2782
surf_threnody,32,654.1926
surf_kartune,36,653.8208
surf_warped,31,653.5572
surf_lowestbidder,31,653.3411
surf_autosave_fix,32,653.0566
surf_tycho_fix,32,652.9905
surf_quirky,35,652.6878
surf_ofrenda,36,652.1422
surf_era,32,651.8607
surf_muerto,31,651.8314
surf_kultur,34,651.7615
surf_sandtrap2,34,651.0716
surf_kairo,31,650.8375
surf_banana_fix,31,650.7535
surf_eryr2_fix,33,650.3884
surf_hotwheels_fix,35,650.3689
surf_vienna,34,650.1122
surf_polygon,32,650.0663
surf_cinnamon_fix,31,649.3444
surf_1024,37,649.1375
surf_salient2,32,649.0824
surf_technique,35,649.0647
surf_rubiks_cube,31,648.5486
surf_thesteve,31,648.5115
surf_devs_ksf,31,648.5056
surf_shibboleth,39,648.4918
surf_kultur,31,648.4616
surf_activation,34,648.3501
surf_corruption,35,648.2412
surf_consistenza_diversa,32,647.8365
surf_fuchnut,33,647.7075
surf_angelina,36,647.6499
surf_fast,33,647.3230
surf_elysium4,31,647.3060
surf_quirky,37,647.3038
surf_ben10,31,647.2475
surf_brutalist,31,647.0388
surf_nsz_fix,36,646.7471
surf_bugs,35,646.7129
surf_vitamin_e,31,646.3924
surf_vienna,35,646.3375
surf_polonia,32,645.6249
surf_not_so_prosurf,37,645.4033
surf_simpsons2,31,645.3232
surf_banana_fix,33,645.3063
surf_quake,33,644.9120
surf_fornax,32,644.8429
surf_shibboleth,33,644.6232
surf_ghost_busters,31,644.5374
surf_breach,31,644.4184
surf_stagejuan_ksf,33,644.3841
surf_anubis_ksf,32,644.3540
surf_insects,32,644.3400
surf_anubis_ksf,38,644.2026
surf_board_this_fix,32,644.1165
surf_ruse,40,644.0899
surf_crimson,31,644.0687
surf_kultur,36,643.8944
surf_papertown,33,643.8786
surf_sinister_evil,32,643.8706
surf_life_of_cow,31,643.8481
surf_crank,34,643.7100
surf_infrared,34,643.7014
surf_sedona,32,643.6076
surf_elysium4,33,643.3907
surf_fungus,33,643.3832
surf_goliath,33,643.3345
surf_listless_ksf,33,643.0345
surf_dune,31,643.0309
surf_airflow,31,643.0227
surf_aphelion,35,642.9559
surf_pls,35,642.7908
surf_disappointed_fix,31,642.5662
surf_technical,31,642.5314
surf_medley_fix,32,642.2541
surf_selenka2,35,642.1755
surf_sinister2,31,642.0437
surf_hero,34,641.7705
surf_corruption,36,641.6670
surf_haze,32,641.4833
surf_helloworld,33,641.4097
surf_twist,31,641.3620
surf_salient,32,641.3525
surf_quirky,33,641.2283
surf_facility,33,641.0895
surf_aphelion,32,641.0699
surf_calibration,31,641.0626
surf_1024,34,641.0079
surf_germania,32,640.9350
surf_sirius,31,640.8735
surf_suburbia,32,640.7179
surf_vitamin_e,34,640.7174
surf_earthmover,36,640.6402
surf_beginner_hell,31,640.6255
surf_tropic_ksf,34,640.3743
surf_rewind,33,640.3314
surf_suburbia,33,640.2791
surf_highlands,33,640.2588
surf_hellenic,31,640.1998
surf_shade,37,640.1587
surf_1024,32,640.0455
surf_earthmover,31,639.8020
surf_huh,33,639.6995
surf_sandtrap,33,639.5102
surf_autonomy,31,639.3840
surf_happyhug,33,638.8251
surf_mudkip,35,638.7584
surf_shodan,39,638.6625
surf_sirena,32,638.4334
surf_tronia_refix,32,638.2853
surf_quake,34,638.2755
surf_minecraft_fix,31,638.2428
surf_monkeys2,31,637.8649
surf_shibboleth,31,637.7491
surf_lost2,34,637.4875
surf_not_so_quick,31,637.3010
surf_quake,35,637.2363
surf_torrential,31,637.0690
surf_theunexpected,33,637.0355
surf_monkeys,34,637.0328
surf_epicube,31,636.8129
surf_shodan,36,636.7953
surf_era,33,636.7804
surf_tronia_refix,33,636.6948
surf_neoteric_retexture,31,636.6597
surf_zen,33,636.5912
surf_tensor2,32,636.5713
surf_threnody,31,636.5059
surf_remeanian,37,636.4315
surf_yolo,33,636.3434
surf_gary_barlow,32,636.3225
surf_hardline,34,636.0992
surf_rise,37,636.0041
surf_chromatic,34,635.9870
surf_not_so_quick,36,635.9496
surf_pipeline,32,635.9046
surf_christmas3,31,635.7651
surf_quirky,39,635.6688
surf_enigma,32,635.6071
surf_not_so_generated,31,635.3378
surf_remeanian,36,635.1949
surf_1024,38,635.1646
surf_polygon,34,635.0504
surf_not_so_disaster,33,634.9772
surf_cannonball,31,634.8938
surf_extremex2_5,31,634.8431
surf_runewords2,35,634.7943
surf_firedancer,37,634.6020
surf_ruse,33,634.5544
surf_eon_fix,33,634.1963
surf_board_this_fix,34,634.0815
surf_infrared,32,634.0061
surf_halloween_fix,32,633.9887
surf_inferno,31,633.9726
surf_jitterbug,32,633.9720
surf_not_so_quick,34,633.8514
surf_santorini_ksf,32,633.6197
surf_amaro,31,633.6005
surf_techslop,32,633.5720
surf_crank,32,633.3966
surf_santorini3,35,633.2670
surf_spacemonkeys,34,633.1117
surf_nsz_fix,33,632.9069
surf_embrace,34,632.6934
surf_ruse,38,632.4924
surf_smol,35,632.4379
surf_dread,31,632.2732
surf_4am,35,632.1720
surf_aphelion,36,632.0492
surf_hotwheels_fix,36,631.3527
surf_joutsenlaulu,33,631.2748
surf_shade,34,631.2735
surf_santorini3,31,631.1683
surf_axiom,33,630.9826
surf_hero,35,630.9631
surf_angelina,39,630.9119
surf_monkeys2,32,630.8950
surf_hollow,32,630.7897
surf_ben10,36,630.3729
surf_shambles,33,630.2868
surf_4am,32,630.2727
surf_bugs,32,630.1329
surf_pls,33,629.9881
surf_cosmo,32,629.8398
surf_jagerbomb,32,629.7630
surf_shade,36,629.7356
surf_fornax,33,629.6583
surf_sluice2,33,629.6303
surf_sinister_evil,31,629.5456
surf_insects,33,629.4745
surf_listless_ksf,34,629.3998
surf_funhouse2,37,629.2066
surf_pls,38,629.1928
surf_bugs,33,628.8186
surf_quake,39,628.6984
surf_botanica,35,628.6852
surf_zeitgeist,32,628.6695
surf_greek_ksf,32,628.5628
surf_infrared,33,628.5510
surf_vantica,32,628.4974
surf_huh,36,628.4259
surf_affliction,35,628.2526
surf_our,33,628.2453
surf_technical,33,628.0162
surf_cavity,32,627.7881
surf_anomaly,31,627.7486
surf_ben10,34,627.6501
surf_earthmover,33,627.5699
surf_not_so_prosurf,34,627.5502,<--------------------------------- tier 7
surf_tormentor,32,627.1971
surf_frost,35,627.1396
surf_carbon,34,627.1340
surf_doodles_njv,31,627.0874
surf_runewords,32,627.0488
surf_rands,33,627.0173
surf_sirius,32,626.9818
surf_jaqen2,32,626.7801
surf_not_so_disaster,34,626.5187
surf_zen,32,626.4733
surf_dune,36,626.0850
surf_angst,33,626.0472
surf_rise,38,626.0174
surf_froots_ksf,35,625.8746
surf_haze,31,625.5818
surf_jaqen,33,625.5481
surf_illusion,32,625.4704
surf_izded,33,625.3643
surf_1024,35,625.2540
surf_polygon,33,625.1633
surf_excavation,37,625.0763
surf_the_internet,31,625.0634
surf_tronia_refix,34,624.9455
surf_ezclap,31,624.9179
surf_kairo,36,624.5500
surf_froots2,32,624.1536
surf_olivia,35,624.0061
surf_n_turf,37,623.9209
surf_remeanian,35,623.7693
surf_axil,31,623.6865
surf_aphelion,31,623.4701
surf_jumble,33,623.3840
surf_consistenza_diversa,31,623.3374
surf_affliction,39,623.0781
surf_devs_ksf,33,622.9582
surf_fornax,37,622.9524
surf_our,32,622.8937
surf_artifex,31,622.8912
surf_beyer2,31,622.8899
surf_santorini3,34,622.8636
surf_not_so_quick,35,622.6997
surf_barbies_malibu_adventure,35,622.1019
surf_loentra,32,622.0911
surf_harmony_fix,32,621.9858
surf_shibboleth,32,621.9550
surf_goliath,32,621.9547
surf_botanica,36,621.8745
surf_mwag_reloaded,34,621.8664
surf_overgrowth2,31,621.8252
surf_epiphany,31,621.7882
surf_fuchnut,34,621.6965
surf_crimson,33,621.6884
surf_eryr2_fix,32,621.4557
surf_android_ksf,33,621.4292
surf_wicked,31,621.3847
surf_solace,32,621.3637
surf_lax,31,621.3220
surf_zen2,32,621.2202
surf_dune,37,621.1109
surf_sequoia_fix,32,621.0994
surf_core_refix,32,621.0026
surf_lost,34,620.9974
surf_korn,33,620.7451
surf_selenka,31,620.6298
surf_disaster,32,620.6005
surf_despair,33,620.5939
surf_pls,39,620.5421
surf_not_so_quick,32,620.2712
surf_happyhands5,31,620.1990
surf_serenity2,32,620.1482
surf_wasteland2,32,619.9609
surf_prosurf,32,619.5398
surf_twist,32,619.3580
surf_fabas,32,619.2931
surf_executioner,32,619.2782
surf_sluice2,34,619.1976
surf_selenka2,34,618.8382
surf_wizard,33,618.7662
surf_yolo,32,618.7511
surf_garden_h,33,618.6701
surf_shibboleth,40,618.6322
surf_loentra,31,618.5357
surf_not_so_prosurf,36,618.4316
surf_hyper,31,618.3529
surf_tycho2,34,618.3376
surf_wicked,32,618.3105
surf_n_turf,36,618.2433
surf_wizard,32,618.2224
surf_ben10,39,618.1936
surf_ab,34,618.0979
surf_runewords2_lod,34,617.7467
surf_korn,32,617.6462
surf_helljumper,35,617.5284
surf_spacemonkeys,31,617.5207
surf_barbies_malibu_adventure,38,617.3278
surf_technique,33,617.2417
surf_instantdeath,34,617.1975
surf_greenhouse,31,616.9897
surf_chasm,34,616.9061
surf_firedancer,31,616.8636
surf_quake,37,616.8087
surf_selenka,32,616.7279
surf_monkeys,32,616.6639
surf_tormentor,31,616.5959
surf_greek_ksf,31,616.5519
surf_eon_fix,32,616.5439
surf_yolo,31,616.5356
surf_wasteland2,35,616.4256
surf_runewords2,34,616.3216
surf_ruse,32,616.0320
surf_slate,33,615.8472
surf_cement,34,615.7442
surf_jive,32,615.6956
surf_creation,31,615.6354
surf_damnation,31,615.5500
surf_facility,31,615.4384
surf_ruse,37,615.2290
surf_outside,34,615.1406
surf_frus_njv,31,615.0568
surf_runewords2,31,615.0498
surf_apollo,36,614.8326
surf_zeonine,31,614.8128
surf_y,31,614.7013
surf_smol,32,614.6579
surf_atonement,31,614.6421
surf_extremex2_5,32,614.6017
surf_fruits2,31,614.5908
surf_seraph,31,614.5770
surf_be_gentle,32,614.5688
surf_vantica,36,614.4838
surf_expel,34,614.4721
surf_sinister2,32,614.4065
surf_funhouse2,36,614.2517
surf_asrown,31,614.1605
surf_weirdcore,32,613.9686
surf_skipalot,34,613.9409
surf_runewords2,32,613.8023
surf_pancake,31,613.7672
surf_not_so_generated,33,613.7615
surf_sc_essence_v2,31,613.7033
surf_rewind,31,613.6850
surf_tequila,31,613.5820
surf_greek_ksf,33,613.5297
surf_resource,31,613.5007
surf_runewords2_lod,31,613.4450
surf_affliction,37,613.4372
surf_aura,38,613.4348
surf_skipalot,31,613.3565
surf_whatever,31,613.3440
surf_botanica,34,613.3284
surf_shibboleth,35,613.3107
surf_apollo,34,613.2156
surf_zeitgeist,33,613.1365
surf_funhouse2,32,613.1096
surf_offskill,31,613.0782
surf_doomsday,32,613.0751
surf_emerald,31,613.0487
surf_nyze,32,613.0474
surf_fortress_ksf,35,612.8500
surf_botanica,31,612.6996
surf_aphelion,34,612.6924
surf_hektik,33,612.6780
surf_pandemonium_njv,32,612.6532
surf_expel,31,612.6149
surf_concretejungle_fix,34,612.5789
surf_ebony,34,612.5228
surf_ben10,35,612.4290
surf_gloomy,33,612.3091
surf_runewords2,33,612.2488
surf_synada,33,612.1782
surf_tycho2,32,612.0775
surf_theme,33,612.0710
surf_kairo,33,611.8984
surf_anything,32,611.8265
surf_papertown,32,611.7643
surf_citypop,31,611.6811
surf_4head,33,611.6321
surf_runewords2_lod,36,611.5790
surf_vitamin_e,36,611.5067
surf_sexplizooimed,31,611.4431
surf_cement,35,611.4285
surf_joutsenlaulu,32,611.4200
surf_crush2,31,611.3260
surf_trapped,32,611.3246
surf_antimatter2,35,611.1865
surf_pipeline,33,611.0524
surf_illumination2,33,611.0521
surf_4dimensional,31,610.8934
surf_bugs,31,610.6138
surf_whynot,32,610.5648
surf_limbo,32,610.4654
surf_shoria,31,610.3813
surf_loweffort2,34,610.3484
surf_earthmover,35,610.1729
surf_hero,32,610.1490
surf_forsaken,31,610.0846
surf_anoobis,38,610.0657
surf_hades2,33,609.8740
surf_izded,31,609.7941
surf_revolution_fix,32,609.7786
surf_polygon,31,609.7474
surf_haze,33,609.6835
surf_despair,32,609.6702
surf_bluewall_v2,32,609.4839
surf_haze,36,609.3320
surf_rst,31,609.2695
surf_nesquik,33,609.1648
surf_kartune,34,608.9055
surf_apollo,33,608.8740
surf_bikini_bottom,36,608.8493
surf_pantheon,32,608.6367
surf_chungus_fungus,36,608.5743
surf_quirky,36,608.4569
surf_instantdeath,32,608.4474
surf_hektik,32,608.3051
surf_fungus,35,608.2683
surf_bluewall_v2,33,608.2245
surf_frost,34,608.2161
surf_banana_fix,32,608.2131
surf_gekar,32,608.0708
surf_firedancer,32,608.0458
surf_not_so_prosurf,31,607.9289
surf_trihard,31,607.7117
surf_fortress_ksf,33,607.6134
surf_yolo,34,607.6012
surf_depths,31,607.5549
surf_pipeline,31,607.5514
surf_serenity2,33,607.5269
surf_infrared,31,607.4897
surf_lab,31,607.4246
surf_endeavor,32,607.3770
surf_santorini_ksf,35,607.3493
surf_whatever,32,607.2158
surf_chateau_fix,31,607.1847
surf_jaqen2,31,607.1411
surf_fungus,32,607.1176
surf_unreal2,32,607.0748
surf_kultur,32,606.9854
surf_excess,35,606.8393
surf_botanica,33,606.7630
surf_angelina,33,606.7473
surf_quarantine,31,606.7221
surf_innokia,33,606.6895
surf_north,34,606.3923
surf_nsz_fix,34,606.3602
surf_plaguelands_beta7a,31,606.2210
surf_medley_fix,31,606.0641
surf_stitched,32,606.0481
surf_ben10,32,605.8635
surf_jumble,31,605.7240
surf_whynot2,32,605.6251
surf_crimson,32,605.4967
surf_oompa2,31,605.4736
surf_quake,38,605.3050
surf_awakening,31,605.1498
surf_gloomy,32,604.9368
surf_raqqit,31,604.6737
surf_resource,34,604.6046
surf_sempar_njv,31,604.4526
surf_hektik,35,604.3104
surf_zoomboys,31,604.2407
surf_nemesis,32,604.2060
surf_eon_fix,31,604.0793
surf_tormentor,35,603.8653
surf_board_this_fix,37,603.8313
surf_hero,33,603.7870
surf_serenity,33,603.7819
surf_panta_rhei,31,603.7432
surf_wasteland,32,603.7294
surf_crank,33,603.5737
surf_nesquik,34,603.5000
surf_loves_spliff,31,603.4641
surf_ben10,33,603.3821
surf_vestige_fix,32,603.1545
surf_grotto,32,603.1520
surf_primero_fix,31,603.0594
surf_anubis_ksf,33,602.9963
surf_remeanian,34,602.9483
surf_memories,32,602.9400
surf_runewords2_lod,35,602.7565
surf_unraveled,31,602.6374
surf_vestige_fix,35,602.6359
surf_hardline,33,602.6207
surf_infamous_ksf,31,602.5939
surf_anoobis,40,602.5449
surf_zbig2,32,602.5344
surf_spaceship_ksf,31,602.5335
surf_funhouse2,34,602.3350
surf_prevail,31,602.2288
surf_marbleblast_intermediate,31,601.9785
surf_lt_unicorn,31,601.8721
surf_antimatter2,34,601.8122
surf_tronia_refix,31,601.7596
surf_map_njv,31,601.7377
surf_sentient,31,601.7199
surf_shambles,32,601.6898
surf_board_this_fix,31,601.4992
surf_healthy,31,601.4839
surf_overgrowth2,32,601.3341
surf_not_so_prosurf,35,601.2262
surf_techslop,33,601.0696
surf_sunset2_fix,31,600.9944
surf_atonement,32,600.9007
surf_core_refix,31,600.8179
surf_constrictor_remix,31,600.5275
surf_slobs,31,600.4733
surf_damn,32,600.2879
surf_monolith,32,600.1681
surf_fortress_ksf,34,600.0253
surf_vienna,32,599.9625
surf_aircontrol_ksf,31,599.8698
surf_hero,31,599.8457
surf_shade,31,599.6773
surf_quasar_final,31,599.6443
surf_prismatic_ksf,31,599.6442
surf_hollow,31,599.6091
surf_eryr,33,599.5490
surf_quickie_fix,35,599.4875
surf_ab,35,599.4705
surf_concretejungle_fix,33,599.3450
surf_fortress_ksf,31,599.0351
surf_rands,31,598.8249
surf_izded,32,598.7993
surf_radiant,32,598.7969
surf_aux,31,598.6761,<--------------------------------- tier 6
surf_rez2,34,598.6751
surf_runewords,34,598.5915
surf_warped,33,598.3996
surf_monkeys2,33,598.3959
surf_antagonist2,34,598.3519
surf_gloomy,34,598.3518
surf_not_so_prosurf,33,598.2191
surf_shade,35,598.1559
surf_radiant,31,598.0121
surf_cinnamon_fix,33,597.9251
surf_tensor2,34,597.7102
surf_cavity,34,597.5724
surf_sinner_ksf,32,597.4673
surf_remeanian,33,597.2671
surf_golden_refix,33,597.0671
surf_zeitgeist,31,596.9765
surf_faint_fix,32,596.9411
surf_goliath,31,596.9017
surf_santorini_ksf,31,596.7997
surf_ny_momentum2_ksf,31,596.7591
surf_beverages_remix,33,596.4875
surf_sluice2,31,596.4836
surf_wizard,31,596.4591
surf_flatliners,31,596.3840
surf_celestial,33,596.3683
surf_sunday,32,596.3061
surf_embrace,36,596.2795
surf_vantica,31,596.2417
surf_scarlet_ksf,33,596.0203
surf_pantheon,33,595.9676
surf_hades,32,595.9209
surf_vestige_fix,34,595.9049
surf_angelina,37,595.8411
surf_affliction,31,595.8380
surf_fortress_ksf,36,595.8194
surf_sedona,35,595.8185
surf_n_turf,35,595.6253
surf_whynot2,31,595.6072
surf_jive,31,595.4103
surf_luminaris_refix,34,595.3893
surf_rewind,32,595.3507
surf_nac,31,595.3343
surf_eryr,32,595.2764
surf_edge,32,595.2678
surf_kartune,31,595.2143
surf_nesquik,32,595.0876
surf_thesteve,33,594.9618
surf_lt_omnific,32,594.9243
surf_elysium5,32,594.8793
surf_koa,31,594.7954
surf_sketchy,32,594.6638
surf_runewords,31,594.6288
surf_monotony_ksf,32,594.5519
surf_monkeys,36,594.3814
surf_ruse,35,594.1912
surf_santorini3,33,594.1798
surf_devil,31,594.1461
surf_not_so_disaster,35,593.9618
surf_kira,31,593.8779
surf_ben10,38,593.7824
surf_castlewalls,32,593.5322
surf_earthmover,34,593.4974
surf_smol,33,593.4813
surf_expel,32,593.4661
surf_chromatic,33,593.4444
surf_fractal,31,593.3125
surf_aeron,31,593.1460
surf_joutsenlaulu,31,592.9597
surf_concretejungle_fix,31,592.8748
surf_lab,32,592.8089
surf_perihelion,34,592.7450
surf_sinner_ksf,33,592.6704
surf_gleam2,33,592.6545
surf_pagoda,33,592.4919
surf_illumination2,31,592.4311
surf_cement,31,592.3961
surf_frost,36,592.2689
surf_salvation,31,592.2668
surf_secluded,32,592.1172
surf_frost,32,591.9530
surf_kalium,31,591.9025
surf_intense_ksf,32,591.8996
surf_color_fix,31,591.8834
surf_deadline,31,591.8738
surf_deceptive_final,31,591.8439
surf_shodan,35,591.7168
surf_z,31,591.6633
surf_illusion,33,591.6533
surf_solace,31,591.6329
surf_fornax,36,591.4373
surf_n_turf,38,591.4364
surf_rise,33,591.3703
surf_wood,31,591.2668
surf_spectra,31,591.1719
surf_tormentor,37,591.1688
surf_barbies_malibu_adventure,34,591.1624
surf_sacrifice,31,591.0763
surf_memories,31,591.0610
surf_lt_omnific,33,591.0248
surf_grotto,31,590.9782
surf_luminaris_refix,36,590.9273
surf_tropic_ksf,35,590.9159
surf_grid_ksf,32,590.9086
surf_axil,32,590.8799
surf_froots2,31,590.8643
surf_benevolent_refix,31,590.7770
surf_haze,34,590.7180
surf_eryr2_fix,31,590.4627
surf_innokia,34,590.4160
surf_techsune_css,31,590.4141
surf_antimatter2,33,590.3796
surf_tequila,32,590.2845
surf_mdrn,32,590.2616
surf_eggplant,33,590.2502
surf_corruption,32,589.9789
surf_kz_mix_journeys,32,589.9430
surf_breach,32,589.8957
surf_fiellu_ksf,33,589.8091
surf_me,34,589.7490
surf_desolate,32,589.7274
surf_castlewalls,31,589.7166
surf_weirdcore,31,589.7016
surf_voteforthisone,31,589.5966
surf_antagonist2,31,589.5288
surf_kairo,34,589.4313
surf_sedona,38,589.3198
surf_efficacy,32,589.2670
surf_technique,31,589.1241
surf_raphaello,31,589.0907
surf_doomsday,31,589.0579
surf_assail,33,589.0305
surf_epicube,32,588.8778
surf_runewords,33,588.8628
surf_mate,33,588.8589
surf_animals_ksf,31,588.7787
surf_nebula,32,588.6447
surf_morbid2,32,588.6240
surf_elysium5,34,588.6202
surf_luminaris_refix,33,588.6174
surf_spectra,32,588.5782
surf_velocity,31,588.2838
surf_second,31,588.2719
surf_theunexpected,32,588.2451
surf_undergrowth,33,588.1248
surf_trihard,32,588.0685
surf_dova,31,587.9717
surf_eunoia,32,587.8938
surf_adventure_final,37,587.8594
surf_believe,32,587.8300
surf_santorini2,31,587.7889
surf_polytron,31,587.6855
surf_race_final,35,587.6766
surf_quarantine,32,587.6742
surf_haze,35,587.6347
surf_zen2,34,587.5807
surf_grid_ksf,34,587.5681
surf_nyze,31,587.4894
surf_like_this,33,587.4520
surf_not_so_prosurf,32,587.3949
surf_north,32,587.3638
surf_bonk,31,587.2953
surf_chungus_fungus,31,587.2508
surf_journeys,32,587.1795
surf_zen2,33,587.1541
surf_kairo,35,587.1302
surf_funhouse2,33,587.0398
surf_disaster,31,586.8687
surf_boogie_woogie,35,586.8406
surf_our,31,586.7778
surf_barbies_malibu_adventure,36,586.7568
surf_tempest4,34,586.7352
surf_cavity,33,586.7020
surf_remeanian,32,586.6746
surf_ben10,40,586.5944
surf_helljumper,34,586.5780
surf_seaside,33,586.5645
surf_ixtab,31,586.5218
surf_subway,33,586.4912
surf_wasteland,33,586.4727
surf_frost,33,586.4203
surf_dynamics_fixed,31,586.3788
surf_carbon,31,586.3108
surf_diet_mountain_dew,31,586.2937
surf_spaceship_ksf,33,586.2858
surf_firedancer,33,586.0989
surf_excavation,35,585.9562
surf_not_so_quick,33,585.9198
surf_midsommar,31,585.8992
surf_kloakk,31,585.8878
surf_salient2,31,585.8748
surf_metalpipes,34,585.6939
surf_sofia_fix,32,585.6381
surf_theme,32,585.6335
surf_helloworld,31,585.5299
surf_illumination,33,585.4575
surf_banger,31,585.4467
surf_gleam2,32,585.2941
surf_loweffort2,33,585.2869
surf_lolrevlis,31,585.2645
surf_voteforthisone,32,585.2637
surf_vitamin_e,35,585.1631
surf_elysium2,31,585.1269
surf_placid,31,585.1028
surf_construction,31,585.0415
surf_beverages_remix,32,584.9579
surf_nebula,33,584.8890
surf_81st_network,31,584.8855
surf_north,31,584.7651
surf_life_of_cow,32,584.5961
surf_n_turf,34,584.5794
surf_grid_ksf,33,584.5573
surf_crank,35,584.5564
surf_ofrenda,31,584.4753
surf_kloakk,32,584.4402
surf_vector_final,31,584.3318
surf_nsz_fix,32,584.2895
surf_inrage2,31,584.1842
surf_fast,31,584.1798
surf_desolate,33,584.1615
surf_diamond_beta1,31,584.0426
surf_refraxis,31,584.0218
surf_slate,31,583.9780
surf_angelina,35,583.9745
surf_ruse,31,583.9578
surf_midsommar,33,583.8988
surf_damnation,32,583.8763
surf_quake,31,583.8235
surf_1998,31,583.8039
surf_savant_njv,31,583.6675
surf_secluded,33,583.5628
surf_lt_omnific,31,583.5588
surf_innokia,32,583.5569
surf_angst,32,583.4161
surf_bonk,32,583.4066
surf_antimatter2,31,583.3285
surf_elysium3,32,583.2913
surf_stagejuan_ksf,31,583.2102
surf_friday,31,583.1894
surf_olivia,33,583.1531
surf_hyper2,31,583.0362
surf_concretejungle_fix,35,583.0320
surf_mudkip,34,582.9916
surf_jagerbomb,31,582.9833
surf_unreal2,31,582.8915
surf_pandemonium_njv,31,582.8150
surf_resource,33,582.5042
surf_shodan,33,582.4547
surf_desolate,31,582.4370
surf_lepidus,31,582.4266
surf_cement,32,582.3973
surf_kairo,32,582.2031
surf_delight,31,581.9606
surf_mephobia_final,31,581.8181
surf_illumination2,32,581.8142
surf_sofia_fix,33,581.7861
surf_crank,31,581.7438
surf_raphaello,32,581.5137
surf_hope,31,581.4791
surf_lax,32,581.2459
surf_happyhands4,31,581.2452
surf_anoobis,34,581.1980
surf_nova,33,581.0035
surf_damn,31,580.9425
surf_methadone,31,580.9263
surf_board_this_fix,38,580.9074
surf_minecraft_fix,32,580.8613
surf_axiom,32,580.7717
surf_adventure_final,34,580.6578
surf_slate,32,580.6551
surf_vestige_fix,33,580.6210
surf_like_this,32,580.3075
surf_axiom,31,580.3013
surf_meme,32,580.2746
surf_secluded,34,580.2292
surf_happyhands5,32,580.1828
surf_sketchy,33,580.0779
surf_like_this,31,580.0057
surf_pyzire_retexture,31,580.0027
surf_not_so_disaster,32,579.9875
surf_vienna,33,579.9783
surf_grotto,33,579.7699
surf_mdrn,33,579.7615
surf_nsz_fix,31,579.5630
surf_fuchnut,32,579.5446
surf_excavation,32,579.4176
surf_cyka_ksf,32,579.3887
surf_nostromo,31,579.2666
surf_be_gentle,31,579.2065
surf_garden_h,31,579.1375
surf_resource,32,579.0243
surf_rise,35,578.9881
surf_sandtrap2,33,578.9488
surf_shade,33,578.8705
surf_tequila,33,578.8145
surf_scarlet_ksf,34,578.7806
surf_despair,35,578.7706
surf_the_distance,33,578.7085
surf_paradigm,33,578.6666
surf_angelina,38,578.4691
surf_dhyana,31,578.4540
surf_concretejungle_fix,32,578.4492
surf_aura,36,578.2941
surf_botanica,32,578.2932
surf_eunoia,31,578.2907
surf_shodan,37,578.2650
surf_neoteric_retexture,33,577.9877
surf_kismet,31,577.7647
surf_deadline,32,577.3238
surf_ofrenda,35,577.3181
surf_slobs,32,577.2354
surf_citypop,34,577.2294
surf_remeanian,31,577.0729
surf_sketchy,31,576.8998
surf_nesquik,31,576.8693
surf_solace,33,576.8557
surf_overgrowth,32,576.8554
surf_tronic_njv,31,576.6434
surf_25_lighters,31,576.6408
surf_forgotten,32,576.6192
surf_vienna,31,576.4536
surf_chasm,33,576.3952
surf_sluice_final,35,576.3525
surf_orthodox,33,576.2137
surf_selenka2,33,576.1579
surf_happyhands3,32,576.0916
surf_pyzire_retexture,33,576.0577
surf_sequoia_fix,31,576.0566
surf_lt_unicorn,34,576.0226
surf_forgotten,34,575.9171
surf_despair,37,575.9122
surf_vantica,35,575.8832
surf_aura,37,575.8707
surf_barbies_malibu_adventure,33,575.7997
surf_leesriize_ksf,33,575.7818
surf_cement,33,575.7724
surf_tycho2,31,575.7612
surf_oddworld,32,575.7211
surf_facility,32,575.7067
surf_proliferation,31,575.6820
surf_ivory,31,575.5886
surf_eryr,31,575.4744
surf_loweffort2,35,575.4620
surf_excavation,31,575.3554
surf_halloween_fix,31,575.2835
surf_666,35,575.2804
surf_jaqen,32,575.2605
surf_1024,31,575.1436
surf_adrift_fix,31,575.1154
surf_gigapede,32,575.1137
surf_delta,32,575.1101
surf_christmas2,31,575.0770
surf_froots_ksf,31,574.9928
surf_christmas,31,574.9529
surf_rez2,31,574.8595
surf_suburbia,31,574.8472
surf_nova,32,574.7714
surf_ebony,31,574.7682
surf_aphelion,33,574.6847
surf_epithet,31,574.5958
surf_aux,32,574.5932
surf_illumination,34,574.5295
surf_leesriize_ksf,34,574.4164
surf_sunday,31,574.3524
surf_thembrium_njv,31,574.2429,<--------------------------------- tier 5
surf_nyx,33,574.2160
surf_serenity2,34,574.2149
surf_rise,32,574.1673
surf_papertown,34,574.1668
surf_distraction_v2,31,574.0812
surf_funhouse2,31,574.0352
surf_anoobis,36,574.0157
surf_dread,32,573.9848
surf_zeitgeist,34,573.9838
surf_affliction,33,573.8706
surf_vast,31,573.8513
surf_fuckyall,31,573.8314
surf_roman_v2,31,573.8303
surf_ben10,37,573.8146
surf_revolution_fix,31,573.7920
surf_antimatter2,32,573.6545
surf_elysium,31,573.2172
surf_duggywuggy,31,573.1662
surf_yellow,34,573.1419
surf_spacemonkeys,35,572.9215
surf_rustic_v2,31,572.8206
surf_perihelion,32,572.7658
surf_iceworld,31,572.7488
surf_tormentor,38,572.7327
surf_metalpipes,31,572.6913
surf_fiellu_ksf,31,572.6422
surf_cinnamon_fix,32,572.6227
surf_elysium4,32,572.6025
surf_cartoon,31,572.5835
surf_illumination,36,572.5662
surf_ab,32,572.5528
surf_gleam2,34,572.5377
surf_cement,37,572.4872
surf_gleam2,31,572.4303
surf_despair,36,572.3876
surf_stagejuan_ksf,32,572.1243
surf_epithet,32,572.1025
surf_autosave_fix,35,571.9582
surf_outside,33,571.7859
surf_luminaris_refix,35,571.7553
surf_salvation,32,571.7531
surf_rubiks_cube,32,571.6656
surf_lax,33,571.6068
surf_frost,37,571.4733
surf_silent,31,571.2662
surf_serenity,31,571.1474
surf_serenity,32,571.1078
surf_happyhug,32,571.0313
surf_olivia,31,571.0141
surf_lessons,33,570.9546
surf_antagonist2,35,570.8533
surf_666,34,570.8421
surf_parc_colore,33,570.7869
surf_excess,37,570.7486
surf_adventure_final,35,570.6138
surf_mudkip,32,570.6043
surf_diminsion,32,570.5744
surf_chateau_fix,33,570.5339
surf_android_ksf,31,570.4261
surf_ofrenda,33,570.3735
surf_kz_protraining,33,570.3658
surf_chungus_fungus,32,570.3545
surf_helljumper,32,570.2693
surf_anubis_ksf,35,570.2603
surf_adventure_final,36,570.1012
surf_dova,32,569.8848
surf_listless_ksf,35,569.8002
surf_nostromo,32,569.7759
surf_sluice_final,34,569.6166
surf_beginner2,34,569.5448
surf_r-ne,33,569.5398
surf_sluice_final,33,569.5387
surf_despair,40,569.4876
surf_ebony,32,569.4559
surf_frequency_njv,31,569.3507
surf_vitamin_e,39,569.3243
surf_kz_mix_journeys,33,569.2560
surf_santorini3,32,569.2035
surf_not_so_generated,32,569.1995
surf_affliction,32,569.1777
surf_board_this_fix,36,569.1587
surf_technique,32,569.1490
surf_activation,32,569.0483
surf_rez2,33,569.0269
surf_elysium5,31,568.9120
surf_elysium5,33,568.8375
surf_gekar,31,568.8222
surf_monolith,31,568.7873
surf_lithium,31,568.7337
surf_anoobis,32,568.7208
surf_zen2,31,568.5259
surf_tundra_v2,31,568.5257
surf_indecisive,31,568.4434
surf_delta,31,568.3546
surf_jaqen,31,568.2551
surf_replicant,31,568.2294
surf_prosurf,31,568.1423
surf_luminaris_refix,32,568.0235
surf_embrace,31,567.9767
surf_palm,31,567.9585
surf_believe,33,567.9198
surf_quickie_fix,34,567.8963
surf_android_ksf,32,567.8492
surf_jumble,34,567.6100
surf_nemesis,31,567.6015
surf_auroria_ksf,31,567.5764
surf_activation,31,567.5644
surf_monkeys,33,567.4981
surf_hotwheels_fix,33,567.1930
surf_centipedes,31,567.0668
surf_beyer2,32,567.0654
surf_simpsons2,32,566.9940
surf_antagonist2,33,566.9558
surf_neoteric_retexture,32,566.9030
surf_helljumper,31,566.7346
surf_parc_colore,32,566.7131
surf_kartune,35,566.6509
surf_anthropomorphic,31,566.5719
surf_innokia,31,566.5185
surf_adventure_final,31,566.4735
surf_undergrowth,31,566.3956
surf_outside,35,566.1553
surf_excess,33,566.1262
surf_bluewall_v2,31,566.1093
surf_frey2_ksf,32,566.0747
surf_summer_ksf,31,566.0040
surf_trapped,31,565.8662
surf_like_this,34,565.8262
surf_cavemissile_fix,32,565.5073
surf_froots2,34,565.5027
surf_shodan,32,565.3842
surf_goldarn,31,565.3691
surf_zenith,31,565.3204
surf_reprise,32,565.1448
surf_synada,31,565.0661
surf_minimumwage,31,565.0418
surf_mudkip,33,565.0127
surf_sanguine,31,564.7125
surf_wasteland2,34,564.5714
surf_orthodox,34,564.5495
surf_take1,31,564.2647
surf_ing,31,563.8491
surf_rise,36,563.8154
surf_simpsons2,33,563.7852
surf_arcade,31,563.6773
surf_delight,33,563.5556
surf_huh,32,563.4942
surf_sippysip,32,563.3998
surf_barbies_malibu_adventure,32,563.3056
surf_anything,31,563.1999
surf_me,33,563.1785
surf_kz_protraining,32,563.1342
surf_honour,31,563.1321
surf_frequency_njv,32,562.9549
surf_harmony_fix,33,562.9440
surf_overgrowth,31,562.8694
surf_tropic_ksf,33,562.8515
surf_papertown,31,562.8453
surf_insects,34,562.7813
surf_ardon_fix,36,562.5975
surf_synada,32,562.5961
surf_activation,33,562.5114
surf_fortress_ksf,32,562.3523
surf_technical,35,562.3181
surf_limbo,31,562.2146
surf_vitamin_e,33,562.0082
surf_tendies,32,561.9671
surf_fractal,32,561.8663
surf_tempest4,35,561.5611
surf_25_lighters,32,561.5589
surf_klue,31,561.5219
surf_runewords2,36,561.4880
surf_4head,32,561.2756
surf_apollo,32,561.2707
surf_outside,32,561.2437
surf_crush,31,561.2046
surf_low_production,31,561.0794
surf_bikini_bottom,37,561.0169
surf_mushroom_ksf,31,560.9324
surf_beyer2,34,560.8105
surf_embrace,33,560.7399
surf_jitterbug,31,560.4795
surf_fungus,31,560.3982
surf_semesterbreak,32,560.3880
surf_monotony_ksf,31,560.3432
surf_domain,32,560.1560
surf_quickie_fix,33,559.7786
surf_eggplant,32,559.5772
surf_cavemissile_fix,33,559.3951
surf_ardon_fix,34,559.0821
surf_excavation,34,558.9686
surf_zen,31,558.8244
surf_edge,31,558.4398
surf_pls,32,558.3711
surf_original,31,558.1396
surf_devs_ksf,32,558.0292
surf_despair,31,557.9569
surf_fruits,31,557.8796
surf_excess,36,557.8357
surf_r-ne,32,557.6235
surf_gleam,32,557.5630
surf_huh,31,557.5376
surf_nac,32,557.5002
surf_beyer2,35,557.4753
surf_sunset,31,557.3826
surf_monkeys,35,557.2766
surf_not_so_sinister_ksf,32,557.2653
surf_zbig2,31,557.2409
surf_boogie_woogie,33,557.1505
surf_ebony,33,557.1409
surf_sinsane_ez,31,556.9308
surf_despair,39,556.9016
surf_chasm,32,556.8500
surf_reprise,31,556.7086
surf_fabas,33,556.6618
surf_efficacy,31,556.5349
surf_frey2_ksf,31,556.5306
surf_demise,31,556.2359
surf_salient,31,556.1239
surf_beyer2,33,556.0820
surf_kultur,35,556.0262
surf_vale2,31,555.9898
surf_diverge,31,555.9150
surf_flow_ksf,31,555.8860
surf_vegetables,31,555.8318
surf_excess,32,555.6477
surf_endeavor,31,555.5221
surf_forgotten,35,555.4513
surf_adventure_final,33,555.3882
surf_kartune,32,555.3857
surf_rocco_v2,31,555.2747
surf_sylvan,31,555.2525
surf_666,32,555.1906
surf_gradient,31,555.0506
surf_rapid,31,554.9736
surf_sedona,34,554.9432
surf_ab,33,554.9057
surf_tropic_ksf,32,554.8702
surf_flow_ksf,32,554.8103
surf_nyx,32,554.7274
surf_shodan,34,554.6004
surf_sedona,31,554.5091
surf_leesriize_ksf,32,554.3432
surf_coralis_ksf,32,554.3300
surf_stickybutt_alpha,31,554.2936
surf_instantdeath,33,554.1978
surf_tempest4,33,554.1689
surf_valpect,32,553.6864
surf_pls,37,553.3933
surf_4head,34,553.3503
surf_elysium3,31,553.3113
surf_lost2,32,553.2755
surf_lost,32,553.2399
surf_epiphany,33,553.0700
surf_beyer,31,552.9226
surf_huh,35,552.7683
surf_forgotten,36,552.7222
surf_faint_fix,31,552.7036
surf_pipeline,34,552.5855
surf_dune,39,552.5722
surf_wasteland2,31,552.4545
surf_quickie_fix,32,552.3710
surf_highlands,32,552.3577
surf_board_this_fix,35,551.9995
surf_tropic_ksf,36,551.9599
surf_dhyana,32,551.8814
surf_scarlet_ksf,32,551.8027
surf_torque,32,551.5209
surf_tuscany,31,551.4611
surf_honour,33,551.3579
surf_christmas,32,551.3258
surf_slob,31,551.3114
surf_injection_njv,31,551.1728
surf_anomaly,32,551.1196
surf_angelina,32,551.0877
surf_nuclear,32,551.0595
surf_yellow,32,551.0360
surf_sedona,39,550.9805
surf_leesriize_ksf,31,550.9758
surf_kitsune2,31,550.7916
surf_tempest4,37,550.7634
surf_santorini_ksf,33,550.6479
surf_hob,32,550.5374
surf_apollo,35,550.4122
surf_frost,31,550.3790
surf_proliferation,32,550.2927
surf_garden_h,32,550.2811
surf_auroria2,31,550.2381
surf_lolrevlis2,31,550.0580
surf_froots_ksf,34,549.8743
surf_mudkip,31,549.8062
surf_bumpybusride,31,549.7814
surf_quickie_fix,31,549.7183
surf_sluice_final,32,549.4850
surf_mwag_reloaded,31,549.1175
surf_sedona,36,548.9800
surf_ivory,33,548.7589
surf_golden_refix,31,548.6340
surf_secluded,31,548.4853
surf_pyzire_retexture,32,548.3455
surf_helljumper,33,548.3209
surf_the_distance,32,548.2678
surf_spaceship_ksf,32,548.1783
surf_in_space,31,548.0921
surf_inspire,31,548.0038
surf_transient,31,547.9790
surf_excess,31,547.9495
surf_quirky,38,547.9401
surf_undergrowth,32,547.8998
surf_luminaris_refix,31,547.8736
surf_zor,31,547.7328
surf_vestige_fix,31,547.5530
surf_mwag_reloaded,33,547.4149
surf_corruption,34,547.2941
surf_autumn_fix,32,547.2242
surf_parc_colore,34,547.0954
surf_yellow,33,546.9712
surf_autosave_fix,33,546.9710
surf_believe,31,546.9158
surf_bnw_njv,31,546.8661
surf_lockdown,32,546.8423
surf_perihelion,33,546.7243
surf_embrace,32,546.6844
surf_mwag_reloaded,35,546.4777
surf_tronic_njv,32,546.4245
surf_wasteland,31,546.1876,<--------------------------------- tier 4
surf_anoobis,35,546.1846
surf_chateau_fix,32,546.1330
surf_hotwheels_fix,37,546.0434
surf_adtr_njv,31,545.9945
surf_sippysip,31,545.9363
surf_sc_colours,31,545.9173
surf_beginner2,32,545.7403
surf_tempest2,31,545.5852
surf_boogie_woogie,32,545.5399
surf_listless_ksf,31,545.5262
surf_nocturn,32,545.4160
surf_2012_beta12,31,545.3975
surf_ofrenda,34,545.2893
surf_honour,32,545.2028
surf_dynasty,31,545.1647
surf_subway,31,545.0812
surf_happyhands2,34,544.8208
surf_proximity_final,31,544.6946
surf_journeys,33,544.6328
surf_barbies_malibu_adventure,31,544.5766
surf_1024,39,544.3625
surf_tycho_fix,33,544.2439
surf_kitsune2,32,544.1689
surf_tycho2,33,544.1239
surf_outra,32,544.0458
surf_sedona,37,544.0140
surf_togo,31,544.0014
surf_bluewinter,31,543.9940
surf_lt_unicorn,33,543.9481
surf_barbies_malibu_adventure,39,543.6872
surf_monkeys,31,543.6828
surf_cyka_ksf,31,543.6420
surf_mate,32,543.6158
surf_adventure_final,32,543.5127
surf_happyhands4,32,543.3165
surf_ing,32,543.2936
surf_jenocide,31,543.2660
surf_efficacy,33,543.2312
surf_volcanic,31,543.2273
surf_rez2,32,543.1761
surf_illumination,32,542.8628
surf_diminsion,31,542.7930
surf_sirena,31,542.6516
surf_assail,32,542.4999
surf_cosmo,31,542.4865
surf_boogie_woogie,34,542.2659
surf_runewords2_lod,33,542.2032
surf_harmony_fix,31,541.9314
surf_kvas,32,541.8730
surf_tycho_fix,31,541.3445
surf_happyhands2,31,541.2945
surf_the_distance,31,541.2903
surf_serenity2,31,541.2553
surf_amateur_v2b,31,541.1124
surf_chromatic,31,541.0478
surf_lost,33,540.9723
surf_grid_ksf,31,540.8007
surf_dragon,31,540.7939
surf_tropic_ksf,31,540.7631
surf_helloworld,32,540.7061
surf_happyhug,34,540.6411
surf_affliction,38,540.4217
surf_me,32,540.3426
surf_rise,31,540.2684
surf_vantica,33,540.1151
surf_abandoned,31,539.7180
surf_elites_v2,31,539.6988
surf_ardon_fix,33,539.6948
surf_affliction,36,539.6746
surf_rocco_v2,33,539.5687
surf_enlightened_ksf,32,539.4214
surf_tempest,32,539.3594
surf_journeys,31,539.2864
surf_serenity2,35,539.1044
surf_fuchnut,31,538.9949
surf_water_run_ksf,31,538.9441
surf_summit,32,538.8022
surf_psychedelia,31,538.6999
surf_anubis_ksf,36,538.6927
surf_sedona,33,538.6449
surf_hob,31,538.5497
surf_not_so_disaster,31,538.2366
surf_shy,32,538.1695
surf_carbon,33,538.0721
surf_despair,38,538.0267
surf_morbid2,31,537.8921
surf_vale,31,537.8698
surf_low_production,32,537.7942
surf_yellow,31,537.7222
surf_aura,34,537.1778
surf_ace,31,536.5991
surf_forbidden_ways_ksf,31,536.5710
surf_hades,31,536.5073
surf_subway,32,536.3033
surf_hotwheels_fix,32,535.9175
surf_crystal,31,535.8987
surf_excess,39,535.8633
surf_anubis_ksf,31,535.7523
surf_loweffort2,32,535.5009
surf_quirky,32,535.3141
surf_bikini_bottom,32,534.8699
surf_outra,31,534.7167
surf_wasteland2,33,534.7155
surf_ember2,32,534.5544
surf_forgotten,33,534.5473
surf_abandoned,32,534.2215
surf_pagoda,31,533.9989
surf_tranquil,33,533.9945
surf_nocturn,31,533.7262
surf_echo,33,533.7146
surf_olivia,32,533.5952
surf_sinner_ksf,31,533.4156
surf_coralis_ksf,31,533.3713
surf_torque2,32,533.2743
surf_mdrn,31,533.1767
surf_cavemissile_fix,31,533.0680
surf_hades2,31,533.0333
surf_autumn_fix,31,533.0192
surf_bob,31,532.8465
surf_zoomboys,32,532.7999
surf_seaside,31,532.7652
surf_crystal,32,532.6705
surf_illumination,31,532.4108
surf_driftless,31,532.2741
surf_bbb,32,532.2168
surf_angelina,31,532.2017
surf_sandtrap2,32,532.0391
surf_lt_unicorn,32,531.9434
surf_froots_ksf,36,531.9199
surf_hades2,32,531.8879
surf_lost2,33,531.7590
surf_gigapede,31,531.7343
surf_carbon,32,531.3527
surf_666,31,530.7497
surf_sluice_final,31,530.7296
surf_oasis,32,530.7093
surf_ofsfice,31,530.2805
surf_mwag_reloaded,32,530.2019
surf_heaven_njv,31,530.1817
surf_drifting,31,530.0449
surf_whynot,31,530.0348
surf_zbig_ksf,32,529.9111
surf_antagonist,31,529.7136
surf_beginner2,31,529.6695
surf_golden_refix,32,529.6620
surf_static,31,529.5182
surf_interstellar,31,529.1456
surf_lessons,32,529.0924
surf_fornax,35,528.7329
surf_froots_ksf,38,528.6240
surf_6,31,528.5097
surf_perennial,32,528.4335
surf_bork_nbv,31,528.2674
surf_edge,33,528.1947
surf_nebula,31,528.1807
surf_ab,31,527.8135
surf_froots2,33,527.5658
surf_pls,31,527.5504
surf_fabas,31,527.5217
surf_kitsune2,34,527.4948
surf_anoobis,33,527.4818
surf_pagoda,32,527.4771
surf_sandstorm2,31,527.2446
surf_lessons,31,527.1837
surf_tendies,33,527.0400
surf_kartune,33,526.5941
surf_froots_ksf,32,526.1677
surf_barbies_malibu_adventure,37,525.3835
surf_perennial,33,525.3798
surf_anubis_ksf,39,525.3296
surf_tempest2,32,525.0265
surf_trapped2,31,524.5010
surf_techslop,34,524.0999
surf_flyin_fortress_fix,31,524.0674
surf_tranquil,32,523.9744
surf_sandtrap,32,523.6475
surf_y,32,523.6290
surf_corruption,33,523.1522
surf_1day,31,522.8984
surf_neoteric_retexture,34,522.8210
surf_epiphany,34,522.6335
surf_kaaba,31,522.2443
surf_twilight_njv,32,522.1560
surf_zbig_ksf,31,522.1310
surf_happyhands2,32,521.9265
surf_forsaken,32,521.8981
surf_ardon_fix,35,521.8615
surf_excavation,33,521.4891
surf_25_lighters,33,521.3560
surf_and_destroy_fix,32,521.1565
surf_artois,35,520.9516
surf_calycate_ksf,31,520.6783
surf_exogenesis,31,520.6654
surf_sodacity,35,520.6165
surf_whoknows2,31,520.0626
surf_outside,31,519.7819
surf_epic,31,519.6726
surf_neoplasma_ksf,31,519.2575
surf_lockdown,31,519.2483
surf_minigolf_ksf,31,519.1465
surf_tranquil,31,518.9699
surf_delight,32,518.8111
surf_mate,35,518.7867
surf_krow10,31,518.2301
surf_skipalot,33,517.8857
surf_squirrelsonvacation,31,517.5253
surf_north,33,517.3873
surf_parc_colore,31,517.2100
surf_hades2,35,517.1076
surf_happyhands3,33,516.6098
surf_tempest4,32,516.5038
surf_sidelines,31,516.4725
surf_smart,31,516.3256
surf_saturday,31,516.1632
surf_santorini_ksf,34,516.0085
surf_artois,34,515.8654
surf_raqqit,32,515.4882
surf_rez,32,515.1225
surf_trapped2,32,514.9106
surf_graphia,31,514.8463
surf_ardon_fix,32,514.8103
surf_celestial,31,514.6409
surf_mate,34,514.5446
surf_perennial,31,514.3999
surf_hotwheels_fix,34,513.9387
surf_psycho,31,513.8694
surf_froots_ksf,37,513.5445
surf_chasm,31,513.5039
surf_noble,31,513.4813
surf_chromatic,32,513.3233
surf_sleeper,31,513.3168,<--------------------------------- tier 3
surf_lost,31,513.1734
surf_aura,32,513.1322
surf_not_so_sinister_ksf,31,512.9573
surf_sunday,33,512.7227
surf_instantdeath,31,511.8312
surf_sodacity,36,511.7105
surf_liberation2,31,511.6606
surf_sanctuary,31,511.6499
surf_happyhands,32,511.2827
surf_theme,31,511.0329
surf_tempest4,36,510.7909
surf_me,31,510.1832
surf_shodan,31,510.1805
surf_stonks,32,510.0375
surf_happyhands,31,509.7033
surf_twilight_njv,31,509.4911
surf_swagtoast,31,508.7319
surf_tuscany,32,508.2470
surf_happyhands2,33,508.1352
surf_4head,31,508.0660
surf_oddworld,31,508.0522
surf_rands,32,507.7338
surf_bikini_bottom,31,507.6678
surf_intense_ksf,31,507.3991
surf_zealand,32,507.3611
surf_boogie_woogie,36,507.2360
surf_enlightened_ksf,31,506.9781
surf_sanctuary,32,506.8688
surf_race_final,32,506.7491
surf_vacant,32,506.5961
surf_ny_platinum,31,505.9836
surf_abandoned,33,505.6153
surf_apollo,31,505.5362
surf_lost2,31,505.1405
surf_mate,31,504.9539
surf_calycate2,31,504.8852
surf_kz_protraining,34,504.8512
surf_aura,35,504.8135
surf_anzchamps,31,504.1787
surf_andromeda,31,504.0162
surf_frost,38,504.0151
surf_frey_remake,32,503.9901
surf_anoobis,37,503.9068
surf_semesterbreak,31,502.7623
surf_tuscany,33,502.3568
surf_refraxis,32,502.2994
surf_race_final,34,501.6393
surf_ruse,36,501.2022
surf_n_turf,31,501.1007
surf_assail,31,500.9196
surf_domain,31,499.8329
surf_dusk,31,499.7682
surf_kitsune2,33,499.6908
surf_premium,32,499.4450
surf_froots_ksf,33,499.2218
surf_school_fix,31,499.0107
surf_commune_too_beta5,32,498.9840
surf_loweffort2,31,498.9822
surf_kepler,31,498.9260
surf_kz_protraining,31,498.8909
surf_echo,32,498.3381
surf_8bit,31,498.2026
surf_exurbia2,31,498.1449
surf_oasis,31,497.9036
surf_pipeline,35,497.7582
surf_commune_too_beta5,31,497.3381
surf_pantheon,31,497.2307
surf_666,33,496.5428
surf_liberation2,32,496.3653
surf_aqua_fix,31,496.1709
surf_meme,31,496.1463
surf_zealand,31,495.7049
surf_sodacity,33,495.3590
surf_shy,31,494.3353
surf_cavemissile_fix,34,493.7177
surf_fornax,31,493.6182
surf_leidenfrost,31,493.2887
surf_lament_ksf,31,493.1987
surf_ember2,31,492.6477
surf_gleam,31,492.4952
surf_frey_remake,31,492.3432
surf_illumination,35,492.0260
surf_eggplant,31,490.9410
surf_sodacity,34,490.4891
surf_ardon_fix,31,489.6517
surf_korn,31,489.4614
surf_psycho,32,489.2810
surf_mom_fix,31,487.9248
surf_2pacisalive,31,487.4843
surf_stonks,31,487.4634
surf_bbb,31,487.1162
surf_tendies,31,487.0632
surf_sandtrap,31,486.4093
surf_stonework2,31,485.8760
surf_summit,33,485.7728
surf_tempest,31,485.6436
surf_kepler,32,485.5116
surf_tequila,34,485.3478
surf_garden,31,484.8422
surf_sedona,40,484.6655
surf_mesa_mine,31,484.2028
surf_echo,31,484.0886
surf_citypop,33,483.4600
surf_boogie_woogie,31,482.8400
surf_forgotten,31,482.5751
surf_beginner2,33,481.7540
surf_hotwheels_fix,31,481.7292
surf_summit,31,481.6338
surf_ivory,32,481.5247
surf_and_destroy_fix,31,481.3335
surf_elements_beta3,31,481.3332
surf_seaside,32,480.9564
surf_salvador_ksf,31,480.5466
surf_cyberwave,31,480.1731
surf_calzone,31,478.9089
surf_kz_mix_journeys,31,477.8215
surf_liberation,31,476.8823
surf_not_so_sinister_ksf,33,476.2968
surf_sandtrap2,31,476.0320
surf_happyhands3,31,475.2767
surf_beyond,32,474.7760
surf_lore,32,474.3946
surf_r-ne,31,473.0528
surf_n_turf,32,471.6860
surf_artois,33,468.8967
surf_brodderlands,31,468.8524
surf_nyx,31,468.6223
surf_listless_ksf,32,466.5298
surf_simpsons_source,33,465.4253
surf_sodacity,31,464.6300
surf_sodacity,32,463.9492
surf_nova,31,463.5147,<--------------------------------- tier 2
surf_tempest4,31,462.7825
surf_nuclear,31,462.4711
surf_kloakk,34,462.3539
surf_the_internet,32,462.0593
surf_ethereal,32,462.0217
surf_quirky,31,461.9318
surf_whiteout,31,461.6366
surf_tuscany,34,460.0450
surf_network2008_final,31,460.0373
surf_torque2,31,459.2910
surf_simpsons_source,34,457.7919
surf_exurbia_v2,31,456.7851
surf_juturna,31,456.5657
surf_fast,32,453.8956
surf_kloakk,33,453.0737
surf_ripper,31,452.2180
surf_zae,33,450.5520
surf_y,33,446.8801
surf_ethereal,31,445.5548
surf_fortum_fix,31,445.2271
surf_garden,32,444.7777
surf_kvas,31,442.7144
surf_simpsons_source,32,442.2466
surf_lore,31,440.1768
surf_beyond2,31,438.2047
surf_whoknows_ksf,31,436.8502
surf_zae,31,432.8163
surf_illusion,31,432.4365
surf_guitar_hi,31,431.4088
surf_beverages_remix,31,431.3812
surf_zae,32,429.5985
surf_aura,33,429.1222
surf_beyond2,32,428.9110
surf_highlands,31,428.7888
surf_orthodox,32,426.9706
surf_palm,32,426.6654
surf_sofia_fix,31,424.9018
surf_simpsons_source,31,424.7012
surf_tempest,33,422.2628
surf_orthodox,31,418.2248
surf_rez,31,416.5802
surf_garden,33,414.3426
surf_artois,31,413.6386
surf_4am,31,405.3694
surf_premium,31,404.1578
surf_beyond,31,402.9394
surf_egypt2,31,402.3177
surf_race_final,33,398.2754
surf_torque,31,394.2987
surf_rebel_scaz_ksf,31,394.2827
surf_artois,32,378.9649
surf_fortum_fix,32,377.7599
surf_race_final,31,372.2914
surf_globalchaos,31,368.3219
surf_trance,31,359.9707
surf_aircontrol_ksf,32,348.9462
surf_aura,31,333.2427
surf_chaos_fix,31,327.1554
surf_spacejam,31,241.6019,<--------------------------------- tier 1
